{
  "project_info": {
    "project_number": "841087625059",
    "firebase_url": "https://scottowenmateosaccesoadatos.firebaseio.com",
    "project_id": "scottowenmateosaccesoadatos",
    "storage_bucket": "scottowenmateosaccesoadatos.appspot.com"
  },
  "client": [
    {
      "client_info": {
        "mobilesdk_app_id": "1:841087625059:android:fd24c424b0929196",
        "android_client_info": {
          "package_name": "com.example.scottowen.accesoadatos"
        }
      },
      "oauth_client": [
        {
          "client_id": "841087625059-904r5da7u0rnp47j21dl1ennr676d8tf.apps.googleusercontent.com",
          "client_type": 1,
          "android_info": {
            "package_name": "com.example.scottowen.accesoadatos",
            "certificate_hash": "a88ae1df2178e409341fb6cdbd37ab24970bfd66"
          }
        },
        {
          "client_id": "841087625059-v22ib9dcq3282e9bil47uh8gvp4efelk.apps.googleusercontent.com",
          "client_type": 3
        }
      ],
      "api_key": [
        {
          "current_key": "AIzaSyCNlKx8e3PBafUiVtgGvmGYkM5Refivyic"
        }
      ],
      "services": {
        "analytics_service": {
          "status": 1
        },
        "appinvite_service": {
          "status": 2,
          "other_platform_oauth_client": [
            {
              "client_id": "841087625059-v22ib9dcq3282e9bil47uh8gvp4efelk.apps.googleusercontent.com",
              "client_type": 3
            }
          ]
        },
        "ads_service": {
          "status": 2
        }
      }
    }
  ],
  "configuration_version": "1"
}